method,file,rows,imp_mean,diversity,imp_Rprime,jaccard
method1,method1_R10k_T500.csv,500,25.584,19.736196848433508,504.9308601703229,1.0
method1,method1_R1k_T500.csv,500,20.862,20.20294392697411,421.4738162045339,0.02564102564102564
method2,method2_R10k_T500.csv,500,24.736,22.97432837343193,568.2929866452123,0.4326647564469914
method2,method2_R1k_T500.csv,500,20.598,21.407572061519605,440.9531693231808,0.02564102564102564
